src/main/java/petrolpark/mc/destroy/content/confetti/ConfettiBurstS2CPacket.java	toBytes
src/main/java/petrolpark/mc/destroy/content/oil/pumpjack/PumpjackCamBlockEntity.java	read
src/main/java/petrolpark/mc/destroy/content/processing/ageing/AgeingBarrelBlockEntity.java	write
src/main/java/petrolpark/mc/destroy/content/processing/ageing/AgeingBarrelBlockEntity.java	read
src/main/java/petrolpark/mc/destroy/content/processing/centrifuge/CentrifugeBlockEntity.java	write
src/main/java/petrolpark/mc/destroy/content/processing/centrifuge/CentrifugeBlockEntity.java	read
src/main/java/petrolpark/mc/destroy/content/processing/distillation/BubbleCapBlockEntity.java	write
src/main/java/petrolpark/mc/destroy/content/processing/distillation/BubbleCapBlockEntity.java	read
src/main/java/petrolpark/mc/destroy/content/processing/trypolithography/keypunch/CircuitPunchingBehaviour.java	write
src/main/java/petrolpark/mc/destroy/content/processing/trypolithography/keypunch/CircuitPunchingBehaviour.java	read
src/main/java/petrolpark/mc/destroy/content/processing/trypolithography/recipe/CircuitDeployerApplicationRecipe.java	write
src/main/java/petrolpark/mc/destroy/content/processing/trypolithography/recipe/CircuitPatternIngredient.java	write
src/main/java/petrolpark/mc/destroy/content/processing/trypolithography/recipe/ManualCircuitBoardRecipe.java	toNetwork
src/main/java/petrolpark/mc/destroy/content/processing/trypolithography/recipe/ManualCircuitBoardRecipe.java	fromNetwork
src/main/java/petrolpark/mc/destroy/content/redstone/programmer/RedstoneProgram.java	read
src/main/java/petrolpark/mc/destroy/content/redstone/programmer/RedstoneProgram.java	write
src/main/java/petrolpark/mc/destroy/content/redstone/programmer/RedstoneProgram.java	read
src/main/java/petrolpark/mc/destroy/content/redstone/programmer/RedstoneProgram.java	write
src/main/java/petrolpark/mc/destroy/core/chemistry/basinreaction/ExtendedBasinBehaviour.java	write
src/main/java/petrolpark/mc/destroy/core/chemistry/basinreaction/ExtendedBasinBehaviour.java	read
src/main/java/petrolpark/mc/destroy/core/chemistry/vat/Vat.java	read
src/main/java/petrolpark/mc/destroy/core/chemistry/vat/VatControllerBlockEntity.java	write
src/main/java/petrolpark/mc/destroy/core/chemistry/vat/VatControllerBlockEntity.java	read
src/main/java/petrolpark/mc/destroy/core/chemistry/vat/VatSideBlockEntity.java	write
src/main/java/petrolpark/mc/destroy/core/chemistry/vat/VatSideBlockEntity.java	read
src/main/java/petrolpark/mc/destroy/core/explosion/DynamiteBlockEntity.java	read
src/main/java/petrolpark/mc/destroy/core/explosion/SmartExplosion.java	read
src/main/java/petrolpark/mc/destroy/core/explosion/SmartExplosion.java	write
src/main/java/petrolpark/mc/destroy/core/explosion/mixedexplosive/CustomExplosiveMixExplosion.java	read
src/main/java/petrolpark/mc/destroy/core/explosion/mixedexplosive/CustomExplosiveMixExplosion.java	write
src/main/java/petrolpark/mc/destroy/core/explosion/mixedexplosive/MixedExplosiveEntity.java	readAdditionalSaveData
src/main/java/petrolpark/mc/destroy/core/explosion/mixedexplosive/SimpleDyeableNameableMixedExplosiveBlockEntity.java	write
src/main/java/petrolpark/mc/destroy/core/explosion/mixedexplosive/SimpleDyeableNameableMixedExplosiveBlockEntity.java	read
src/main/java/petrolpark/mc/destroy/core/extendedinventory/ExtendedInventory.java	load
src/main/java/petrolpark/mc/destroy/core/extendedinventory/ExtendedInventory.java	save
src/main/java/petrolpark/mc/destroy/core/fluid/gasparticle/BoilingFluidBubbleParticleData.java	fromNetwork
src/main/java/petrolpark/mc/destroy/core/fluid/gasparticle/EvaporatingFluidS2CPacket.java	toBytes
src/main/java/petrolpark/mc/destroy/core/fluid/gasparticle/GasParticleData.java	fromNetwork
src/main/java/petrolpark/mc/destroy/core/pollution/LevelPollutionS2CPacket.java	toBytes
src/main/java/petrolpark/mc/destroy/core/pollution/pollutometer/PollutometerBlockEntity.java	write
